{
    "emotion": {
        "angry": 99.99488067626953,
        "disgust": 4.974171768923341e-11,
        "fear": 0.0016546370461583138,
        "happy": 0.000029546674340963364,
        "sad": 0.0008298419415950775,
        "surprise": 0.00000161402215326234,
        "neutral": 0.0026044724509119987
    },
    "dominant_emotion": "angry",
    "region": {
        "x": 63,
        "y": 588,
        "w": 863,
        "h": 863,
        "left_eye": null,
        "right_eye": null
    },
    "face_confidence": 0.97
}